,score,source,tag,number_of_posts
0,-0.9718646287918091,twitter,AbortionIsAWomansRight,5
1,-0.6563149577095395,twitter,AbortionIsMurder,42
2,-0.659515717625618,twitter,prochoice,100
3,-0.43762615442276,twitter,prolife,100
4,-0.9711835490805762,twitter,RoeOverturned,28
5,-0.8715504026412964,twitter,Roevwade,100
6,-0.9871567934751511,twitter,WomensReproductiveRights,4
7,-0.38885202062129975,reddit,abortion,500
8,-0.8469036695957184,reddit,abortiondebate,500
9,-0.1642900038957596,reddit,ProChoice,500
10,-0.08770663714408874,reddit,ProLife,500
11,-0.5176636111664484,reddit,roevwade2022,332
